segment_id	start_time_seconds	end_time_seconds	label
uZuEn8mguGE_10000	0.000	10.000	/m/012ndj
cyUxVnEi4RQ_30000	0.000	2.857	/m/04qvtq
cyUxVnEi4RQ_30000	3.141	5.261	/m/04qvtq
cyUxVnEi4RQ_30000	5.464	6.082	/m/04qvtq
cyUxVnEi4RQ_30000	6.325	10.000	/m/04qvtq
z0qomNg_jRM_30000	0.000	10.000	/m/012ndj
dIUthrXjhGM_30000	0.000	10.000	/m/012n7d
WMjytu6-ltE_20000	0.000	10.000	/m/012n7d
XFjKL9LzaFQ_30000	8.249	10.000	/m/012ndj
M10kx55QZns_21000	0.000	9.070	/m/03j1ly
eBiM8S755gs_220000	0.000	1.427	/m/03j1ly
eBiM8S755gs_220000	4.603	10.000	/m/03j1ly
XHD0sLHWEUU_30000	7.071	10.000	/m/04qvtq
bKZxCu5vn8s_30000	0.000	10.000	/m/03j1ly
zculW9jrR2g_0	0.000	10.000	/m/03j1ly
-f37Jj__vfU_30000	9.371	10.000	/m/03j1ly
z_sdhRMMvJA_20000	0.000	10.000	/m/03j1ly
m8t6gPBCxr8_20000	0.000	10.000	/m/012ndj
Y0RTSvdcDuE_10000	0.000	10.000	/m/012ndj
mbjOa_msQDw_50000	0.000	10.000	/m/012ndj
AjqFXqkBJ7U_0	0.007	0.750	/m/04qvtq
AjqFXqkBJ7U_0	1.626	2.402	/m/04qvtq
AjqFXqkBJ7U_0	4.027	4.784	/m/04qvtq
AjqFXqkBJ7U_0	6.575	7.298	/m/04qvtq
mgF-ieQ7rV4_30000	0.000	10.000	/m/012ndj
8uBHEGhU5nU_10000	0.000	10.000	/m/03j1ly
GjKctchIsAg_10000	0.000	9.263	/m/012ndj
0bnVue36sUs_10000	0.000	10.000	/m/012ndj
-Xrm60vu-0Y_30000	0.000	4.741	/m/03j1ly
vGH1_wEy_6k_10000	0.000	10.000	/m/03j1ly
zJhW4B55Fn4_40000	0.000	10.000	/m/012n7d
aPWCPjc7bBg_0	0.020	6.803	/m/012n7d
9x-QBLaaKz0_400000	6.843	10.000	/m/03j1ly
V6JZ36ojQkc_30000	0.000	10.000	/m/03j1ly
Gs5B-PtJl6Q_9000	0.000	8.995	/m/04qvtq
jqqEENGIjLM_0	7.542	10.000	/m/012ndj
EU2yVBa1-N8_25000	0.000	9.458	/m/04qvtq
iXGkMnh5hSc_10000	0.000	3.201	/m/012n7d
iXGkMnh5hSc_10000	3.188	10.000	/m/012ndj
LE-hI7toUgA_5000	5.578	8.885	/m/04qvtq
cxRhySahrxo_40000	0.000	10.000	/m/012ndj
4vSnw4-qFao_14000	0.011	4.586	/m/04qvtq
SG9ohajJmGA_30000	0.000	10.000	/m/012ndj
zzY0QX0ZJ4Y_19000	0.000	5.889	/m/012ndj
YRxhBnOHh5g_150000	0.000	10.000	/m/012ndj
xi0lWbgXvGA_30000	6.415	10.000	/m/012n7d
3jH_pyOhBPk_30000	0.000	10.000	/m/04qvtq
4VJRyGdM3yI_30000	0.000	10.000	/m/04qvtq
mfYq1ISxiaU_10000	0.000	10.000	/m/012ndj
0dyfl-736FE_30000	0.000	10.000	/m/012ndj
9D5zrR8ygd4_160000	0.000	10.000	/m/012n7d
kGKQO0LY_7Y_10000	0.000	10.000	/m/012ndj
XQl9q88l95M_30000	0.000	10.000	/m/012n7d
8Kvrkek8h_s_15000	0.000	9.056	/m/012n7d
K5_U6mi3TUo_30000	0.000	10.000	/m/012ndj
qpM_4g7gGcA_30000	0.000	10.000	/m/03j1ly
Z3zGDe25gP4_30000	0.000	10.000	/m/012ndj
yBsfVXP1ewE_30000	7.055	10.000	/m/012ndj
ZftXfAXmTRw_530000	3.031	5.724	/m/04qvtq
TxPRX0NbL9E_30000	0.000	10.000	/m/012ndj
xwVb3n09WaM_1000	0.007	9.762	/m/012ndj
FvYr3ekJe_c_30000	1.488	5.772	/m/03j1ly
FvYr3ekJe_c_30000	7.039	8.866	/m/03j1ly
o-orwtbwGSU_30000	0.000	10.000	/m/012ndj
Y_7tlXONBAw_11000	0.000	8.741	/m/012ndj
VpVQSzhSd14_30000	0.000	10.000	/m/04qvtq
-z47zN0YyE4_420000	0.000	2.824	/m/012ndj
-z47zN0YyE4_420000	2.907	10.000	/m/012ndj
zN0wZWtIXzA_2000	0.008	9.935	/m/012ndj
GwCo3-WX3sw_30000	0.000	10.000	/m/03j1ly
rHaXF6gyVsw_80000	0.005	10.000	/m/04qvtq
wD20jAGWBgM_10000	0.000	6.918	/m/012n7d
5SHCBLMK348_160000	0.000	10.000	/m/012ndj
9JYtAATrj1I_10000	0.000	10.000	/m/04qvtq
IRROtxNE3qU_30000	0.000	10.000	/m/012ndj
o51WS1A5VjA_20000	5.921	10.000	/m/012n7d
YhEQ1nsnAmc_20000	0.000	10.000	/m/012ndj
Z0OHOLrhk9k_9000	0.000	9.831	/m/04qvtq
A4lHC6dO0DQ_30000	0.000	10.000	/m/012ndj
7cC2m-yiXg8_10000	0.000	10.000	/m/012n7d
px8-_GM41p4_30000	0.000	10.000	/m/04qvtq
kyR89Lp7vSc_220000	0.000	6.756	/m/03j1ly
wtiScoqyBrY_5000	2.174	6.109	/m/012ndj
Q8FKVbSktX0_10000	0.000	10.000	/m/012n7d
BzZk0Aqb4bI_110000	1.630	10.000	/m/012ndj
ixuTttC4pic_580000	0.000	10.000	/m/012ndj
mQtPEujxwnI_30000	0.000	4.100	/m/04qvtq
mQtPEujxwnI_30000	5.749	10.000	/m/04qvtq
U9v3jE534-A_18000	0.000	9.074	/m/012ndj
WtvSnE0-N4M_120000	1.551	9.496	/m/012ndj
4IF4RDCVKNU_30000	0.000	10.000	/m/012n7d
3QFBiD4jFFc_30000	0.000	10.000	/m/012ndj
E__SrkG0dvQ_190000	0.000	10.000	/m/012ndj
YhjEQrboW_M_30000	4.447	10.000	/m/012ndj
I3B8hD2M33s_30000	0.000	10.000	/m/03j1ly
QzZFG-NvGSg_30000	0.000	10.000	/m/012ndj
3M3FsgEyWW8_290000	0.000	10.000	/m/012n7d
fyTnrZ5upts_21000	0.000	9.025	/m/04qvtq
dIE1qM2d6qk_30000	0.000	10.000	/m/012ndj
G8jy9YXqcds_20000	0.252	2.614	/m/04qvtq
woadpeAGHUQ_70000	0.000	10.000	/m/012ndj
pi0449TpB0A_4000	0.000	9.657	/m/04qvtq
cyXrYUgJpv0_0	9.456	10.000	/m/012ndj
QzzJgxnXZ3Y_30000	0.000	10.000	/m/012ndj
hF0tlT7Xux8_30000	0.000	10.000	/m/012ndj
Rtel5iGCPO8_40000	0.000	9.325	/m/012ndj
ATu7vfGWBYQ_10000	0.000	5.896	/m/04qvtq
EiwCTtgQVjA_30000	0.000	7.604	/m/012n7d
EiwCTtgQVjA_30000	7.998	10.000	/m/012n7d
Q09u-9bbqkE_30000	0.000	10.000	/m/012ndj
J0pf4bXYCFU_280000	0.000	10.000	/m/012ndj
KlHk6IQ5Zmk_10000	0.000	10.000	/m/012n7d
iSjobBW0j48_0	0.157	10.000	/m/012ndj
ZCOmTeVggnw_4000	0.453	9.826	/m/012ndj
dUI9QJtS-eM_220000	0.000	10.000	/m/012ndj
OprAaq4nAjc_30000	0.000	3.440	/m/012n7d
OprAaq4nAjc_30000	3.521	10.000	/m/04qvtq
tUBHjYFE2oI_15000	6.300	8.771	/m/04qvtq
gKHqdDbSPcE_30000	0.000	10.000	/m/012ndj
I1X_Nmn83L8_90000	0.000	10.000	/m/012n7d
NDiE7G4SUR8_30000	0.000	10.000	/m/04qvtq
diERPKinMM4_80000	1.216	8.853	/m/012ndj
7i_LUTlen0c_120000	0.000	7.403	/m/04qvtq
ERUMjVtHJBQ_30000	5.268	10.000	/m/012n7d
B46p5zFBqRk_30000	1.433	10.000	/m/012ndj
XU5qdrF-Ixg_22000	2.009	9.049	/m/012ndj
O6vZRAdzOZQ_30000	9.220	10.000	/m/03j1ly
OVQMFBeCHq0_13000	0.000	9.825	/m/012n7d
BKtFLppISCk_30000	0.000	10.000	/m/04qvtq
fyFch0nwInY_40000	6.795	10.000	/m/012n7d
cpc4_mlOHTI_30000	0.000	10.000	/m/012ndj
Q4x8OJCgkj0_0	0.000	10.000	/m/012ndj
zOdj9zMaBXs_160000	0.000	10.000	/m/04qvtq
cHalNt0uIz8_130000	0.000	10.000	/m/03j1ly
4zGKY9-iBGY_30000	0.000	10.000	/m/04qvtq
jKLuJiov_pQ_30000	0.000	10.000	/m/012ndj
0Dw2vN-ildM_11000	0.000	9.083	/m/012ndj
tLRo55a4k3E_50000	2.220	10.000	/m/03j1ly
-4RWqM0UCCY_0	0.008	10.000	/m/04qvtq
FLJs9Zrzd_I_40000	0.000	10.000	/m/012ndj
ra39sEws8WU_30000	0.346	10.000	/m/04qvtq
F11evOc70gQ_30000	0.000	10.000	/m/012n7d
_2iGbrzRCI8_30000	0.000	10.000	/m/012ndj
nT1D2vwXmpc_50000	0.000	10.000	/m/012ndj
Wy4RlsQEbgo_490000	0.000	10.000	/m/03j1ly
dN8YG42QLDg_20000	0.000	5.282	/m/012ndj
B1-QUrUPDgk_120000	2.483	10.000	/m/012ndj
pvthl9i30TI_30000	0.000	10.000	/m/04qvtq
J1xow2p1ncE_15000	0.000	9.033	/m/012ndj
RB7fq8RFyJc_240000	3.551	10.000	/m/03j1ly
vMAkr0INeqI_290000	0.000	10.000	/m/012n7d
EqssLET2ysw_430000	5.678	10.000	/m/012ndj
Rdw_5r3oGMA_30000	3.247	8.438	/m/012ndj
YzE7GTQrnws_30000	0.000	10.000	/m/04qvtq
iEX8L_oEbsU_30000	0.000	10.000	/m/03j1ly
mHiFmxbGTwc_8000	0.000	6.404	/m/04qvtq
1ugqYLL3Km0_30000	0.000	10.000	/m/012ndj
s-GlbUfWs70_80000	0.000	10.000	/m/012ndj
m5l8FhW_RtA_40000	0.000	10.000	/m/03j1ly
279LS-xMjH8_30000	0.000	10.000	/m/012ndj
iQ5lVnRRooE_30000	0.000	10.000	/m/04qvtq
Tz8EkxZxSUk_14000	0.000	9.118	/m/012ndj
g37NNpBfbZs_30000	0.000	10.000	/m/012ndj
lrl0D5Af8kA_50000	1.087	10.000	/m/012n7d
hyalCK4558U_30000	0.000	10.000	/m/03j1ly
odqMC9aklCw_0	0.000	10.000	/m/04qvtq
DmqwJ49Z2vI_50000	2.370	4.455	/m/04qvtq
DmqwJ49Z2vI_50000	5.681	10.000	/m/04qvtq
oMGSkrwchIw_310000	0.000	10.000	/m/012ndj
L-BvWIVUhlA_30000	0.000	10.000	/m/012ndj
JZTKhswn684_2000	0.000	9.540	/m/012n7d
NnWalieOmrI_27000	1.602	2.256	/m/012ndj
qfcyBs0cIOE_10000	3.742	10.000	/m/012n7d
KvJuBGIBNnM_30000	0.000	10.000	/m/012ndj
wXQK5OoNge4_120000	0.000	10.000	/m/012ndj
gzjnHLNl4qI_30000	0.000	10.000	/m/012ndj
sS4NEhWjRss_30000	0.000	10.000	/m/04qvtq
QT2XUbNi35Y_26000	0.000	9.082	/m/04qvtq
VvgTK8dqNqI_30000	0.000	10.000	/m/012ndj
Y_L1TNXdQaI_30000	0.000	9.053	/m/012ndj
RyegNv9xxHM_30000	0.000	10.000	/m/03j1ly
P3-jB8vi-no_110000	0.000	10.000	/m/04qvtq
gR8sdfr89oU_12000	0.000	9.316	/m/012ndj
7KLcXpyuexo_400000	0.000	2.094	/m/03j1ly
RcLlkeN5TRc_270000	0.000	10.000	/m/012n7d
Jrm2HZB12_4_20000	0.000	6.763	/m/012n7d
Jrm2HZB12_4_20000	7.808	10.000	/m/012n7d
aNF8yF_d3TI_80000	0.008	10.000	/m/012ndj
_NEvhtS0KSA_0	5.958	6.933	/m/04qvtq
v1rtq84_yoI_10000	1.818	10.000	/m/012ndj
Ij1O4e0iXbA_310000	0.000	2.376	/m/03j1ly
tZHTM1Xpofg_0	0.276	10.000	/m/03j1ly
hZFC7k-u6DE_160000	2.666	10.000	/m/03j1ly
h-RdFD2U4MU_190000	0.000	10.000	/m/012ndj
4-4kICnzOHw_270000	0.000	10.000	/m/012ndj
H1EG4tQ1jzw_70000	0.007	10.000	/m/012n7d
ubkb8oSa-rg_4000	0.007	9.166	/m/04qvtq
rl0G7h7j7HY_100000	2.272	10.000	/m/012n7d
uo0jkUWM4ko_0	0.425	5.882	/m/04qvtq
xG_HDJCFNtg_0	0.000	10.000	/m/012ndj
jE3uB-qxFEs_30000	0.000	10.000	/m/012n7d
YzgIuEHEtaA_10000	0.000	7.040	/m/04qvtq
LMpxEF4Ag7M_180000	0.000	0.986	/m/012ndj
LMpxEF4Ag7M_180000	1.357	10.000	/m/012ndj
WaztvQMKAj4_340000	0.000	10.000	/m/04qvtq
rNlE-CF9GBc_1000	0.000	9.495	/m/012ndj
lQc432kUOpM_30000	0.000	10.000	/m/012n7d
16i4EbWMWAA_60000	0.000	4.846	/m/012ndj
a_Kvr6DtIlo_30000	0.000	10.000	/m/04qvtq
Ss8YAWuuzlM_30000	0.000	10.000	/m/04qvtq
7SDvdOch9Vo_23000	0.000	9.787	/m/012ndj
iaDcUfld-gw_30000	3.268	10.000	/m/03j1ly
2MHhtDe72Sc_50000	0.000	10.000	/m/04qvtq
xbuXpLnXM-I_70000	0.000	2.331	/m/04qvtq
7dUjeTRWask_50000	0.000	10.000	/m/012ndj
Ai6ynjVDKrY_90000	0.000	10.000	/m/03j1ly
rYutp4g6og8_25000	0.000	9.643	/m/012ndj
3Rr1TKVvm9M_30000	0.787	10.000	/m/012n7d
FWta-G1SMV0_0	0.035	6.668	/m/04qvtq
K87dMG68I44_16000	0.000	9.772	/m/04qvtq
253iZ1D3Nww_30000	0.000	10.000	/m/04qvtq
guoHyedWEps_6000	0.000	9.557	/m/012ndj
U45V5-lD6iA_40000	0.000	10.000	/m/012ndj
yOI134PGxxM_0	5.896	10.000	/m/012n7d
ieBjCwhuCcQ_10000	0.000	3.626	/m/012ndj
xNf2uSIBFmw_400000	2.927	10.000	/m/012ndj
xHwZhZlehTM_26000	0.000	2.345	/m/04qvtq
amvNcLYdEE0_0	2.828	8.494	/m/04qvtq
i_xUwOCMsmQ_80000	6.260	10.000	/m/03j1ly
k87LUzVsOF4_270000	0.000	0.827	/m/04qvtq
KzQjRxNiDkM_30000	0.000	10.000	/m/04qvtq
3ErKc4vYXAU_80000	0.444	10.000	/m/03j1ly
WeqaF8CrqRU_30000	0.000	0.626	/m/04qvtq
WeqaF8CrqRU_30000	3.726	6.392	/m/04qvtq
eLGW0qm43M4_30000	0.000	10.000	/m/012ndj
yK_15YXkolg_30000	0.000	10.000	/m/012n7d
O5PYSnI7vT8_30000	0.000	10.000	/m/012ndj
oDYolR7gDSM_30000	2.588	5.418	/m/012n7d
oDYolR7gDSM_30000	7.607	8.458	/m/012n7d
WB8oUR5Te4Q_30000	7.138	10.000	/m/012ndj
zg9b_zLHgGo_10000	0.000	10.000	/m/012n7d
v8VCeePQOQQ_120000	0.000	10.000	/m/012n7d
jpDW0fGDjGo_210000	0.000	3.606	/m/012n7d
MY0m2p3TJko_520000	0.000	10.000	/m/012ndj
RpURuKbzOMg_40000	0.008	10.000	/m/012ndj
K-qyYG8Fy5c_50000	8.114	10.000	/m/03j1ly
rf6M6o2B5ww_30000	5.196	10.000	/m/012ndj
-57EP-Yyt4s_18000	0.000	8.015	/m/012ndj
38dy2dT_VTE_380000	0.000	10.000	/m/04qvtq
Q3xwHR3-38k_30000	0.000	10.000	/m/04qvtq
eePh_tVrz2Y_30000	0.008	7.916	/m/04qvtq
eePh_tVrz2Y_30000	8.804	9.421	/m/04qvtq
eePh_tVrz2Y_30000	9.902	10.000	/m/04qvtq
U2ib3Oh4Ozw_30000	0.000	10.000	/m/012ndj
ox1eTBgc3OA_20000	0.000	2.777	/m/04qvtq
hhn_-K9WyeU_190000	0.000	10.000	/m/04qvtq
lbaN4lO91ks_30000	0.000	10.000	/m/012n7d
SKgzL4rRhq4_250000	4.850	10.000	/m/04qvtq
jUOrItSbcRk_30000	0.000	10.000	/m/03j1ly
6_j3cDYbmTE_130000	8.378	10.000	/m/03j1ly
yp3Q_tGcTzs_30000	0.000	10.000	/m/012ndj
yp3Q_tGcTzs_30000	0.000	10.000	/m/04qvtq
zaJtdGUsqlU_160000	0.000	1.806	/m/012n7d
zaJtdGUsqlU_160000	6.904	10.000	/m/04qvtq
9X4HqX_nIpA_4000	0.000	9.491	/m/012n7d
46Ypz4kXjNo_10000	0.000	10.000	/m/012n7d
46Ypz4kXjNo_10000	6.966	10.000	/m/012ndj
kBWOt5A8BnM_0	0.000	10.000	/m/012n7d
eKuXLSyKLxY_0	0.443	9.764	/m/04qvtq
dhkeAizvUbQ_10000	0.000	5.594	/m/012ndj
LwdF3e2oFow_6000	0.000	9.070	/m/04qvtq
LEuA8jM3LGg_20000	2.504	10.000	/m/012n7d
aaHQvF9vZjo_30000	0.000	10.000	/m/04qvtq
bpO0Bu33GU0_11000	0.000	9.666	/m/04qvtq
R_l8SGVw_sI_40000	0.000	10.000	/m/03j1ly
YWX5sZw0Zf4_30000	0.000	10.000	/m/012ndj
kOjONaOpLw4_10000	0.000	10.000	/m/012n7d
TzbvHCxjsZI_120000	5.984	9.480	/m/012n7d
TzbvHCxjsZI_120000	0.008	1.709	/m/04qvtq
Tuknjurgd4w_7000	0.000	9.470	/m/012ndj
j1N909f8Obg_50000	2.608	10.000	/m/012n7d
heZ2mlaDgMk_30000	8.152	10.000	/m/012n7d
U9Lcvj0xWQI_120000	0.000	10.000	/m/012ndj
q91mUNgSbSY_10000	5.711	10.000	/m/012n7d
ESXgEitdYaQ_30000	1.711	10.000	/m/012n7d
c5fK1rA3bHE_0	0.282	10.000	/m/04qvtq
lS-ze9KlSRE_0	1.559	10.000	/m/03j1ly
gJLb-UAj2rU_30000	0.000	10.000	/m/04qvtq
OHziR4QA3ds_80000	0.000	10.000	/m/012ndj
1KD0P2R1EN4_10000	2.689	7.644	/m/012n7d
vIfN-aynATQ_30000	0.000	10.000	/m/04qvtq
IrhFAaqxmKM_70000	0.689	3.573	/m/012ndj
IrhFAaqxmKM_70000	4.981	10.000	/m/012ndj
ItQcPHtzowY_9000	3.642	9.156	/m/04qvtq
bMP3qOSuk-A_120000	1.744	10.000	/m/012ndj
S44aezVNS7c_10000	0.000	10.000	/m/04qvtq
VxllecRDquc_0	1.014	4.326	/m/04qvtq
MxJPva0NHE8_290000	0.000	10.000	/m/03j1ly
S2fcyYU825I_6000	6.790	9.126	/m/03j1ly
eXG-uqLMwnc_30000	1.354	10.000	/m/012n7d
HmVzX2pSsk8_0	0.017	8.000	/m/012ndj
av-K9Q-SyaQ_80000	0.000	10.000	/m/012ndj
SfiPAQ0WP9M_30000	3.704	10.000	/m/012ndj
wh0eJWS2k64_30000	2.942	10.000	/m/04qvtq
xvl47oDG3pQ_20000	0.000	10.000	/m/012n7d
3FV3g_yjhDA_30000	7.833	10.000	/m/012ndj
Pzj4fZghAAo_30000	0.000	2.122	/m/012ndj
do8I53nZc0g_40000	0.000	4.018	/m/04qvtq
f3oeEZNUVaI_30000	0.000	10.000	/m/03j1ly
FN1rC23Rrlg_170000	0.000	2.165	/m/012n7d
FN1rC23Rrlg_170000	7.113	10.000	/m/012ndj
QEsYJtOdKao_21000	0.000	5.905	/m/04qvtq
QEsYJtOdKao_21000	6.315	6.892	/m/04qvtq
QEsYJtOdKao_21000	7.316	8.040	/m/04qvtq
QEsYJtOdKao_21000	8.625	9.000	/m/04qvtq
bH0Iytumg8o_17000	0.000	9.564	/m/03j1ly
ZPClDr_mYZ4_0	0.016	5.000	/m/012ndj
3MOHUwXgdqM_17000	0.000	7.583	/m/04qvtq
Qy5kSaGHHNE_30000	0.000	10.000	/m/04qvtq
K-H_VCvHxRg_20000	0.000	0.239	/m/012ndj
K-H_VCvHxRg_20000	0.363	2.977	/m/012ndj
K-H_VCvHxRg_20000	3.849	5.128	/m/012ndj
U-1XQmg6Dp0_0	0.034	9.349	/m/012ndj
d6cVyECo5iw_30000	0.000	2.209	/m/012ndj
d6cVyECo5iw_30000	3.407	6.443	/m/012ndj
c046a1OVHk4_30000	0.000	10.000	/m/012ndj
ezDnLd529Qo_40000	0.000	10.000	/m/012ndj
DwZdf6pDSfI_70000	0.000	10.000	/m/03j1ly
JIkMRXshKZw_30000	0.000	7.951	/m/012ndj
vgtZhT1Kyao_30000	0.000	10.000	/m/03j1ly
wjiClkxPJUM_30000	1.063	2.497	/m/04qvtq
CAxPhRt9WI8_90000	0.000	10.000	/m/012ndj
3F0ppHk05Eg_30000	5.076	6.004	/m/012ndj
FnCF6TfjeBo_2000	0.000	9.222	/m/012n7d
Ohha7wTZB7w_30000	0.000	10.000	/m/012n7d
OnwoohZQFGw_290000	0.000	10.000	/m/012ndj
Y33Fr72njNg_30000	0.000	10.000	/m/04qvtq
eyUcCcM4Jzc_320000	0.000	10.000	/m/012n7d
DMl8KuG-1gQ_10000	0.000	10.000	/m/012ndj
3doKyrCe1lA_30000	0.000	9.288	/m/012ndj
C0pWE_xCKWY_150000	3.818	4.292	/m/012n7d
C0pWE_xCKWY_150000	4.663	10.000	/m/012n7d
CeXGmIjebkU_100000	8.591	10.000	/m/012n7d
HIQOGzgIKd4_30000	0.000	10.000	/m/04qvtq
87zYT_iOQCI_0	0.097	8.427	/m/012ndj
0owy7QBCqMw_30000	0.000	10.000	/m/04qvtq
WPYalPSO3a0_210000	0.906	10.000	/m/04qvtq
5soJllqhNyo_370000	0.000	6.433	/m/04qvtq
7hdXzJpOXiY_18000	0.000	9.934	/m/04qvtq
lWC8g1IEYzY_30000	0.000	10.000	/m/03j1ly
2on0IRTBCKk_0	5.069	10.000	/m/04qvtq
ACZ-j0TGoSg_30000	1.216	10.000	/m/012n7d
0IcMW-XlwI0_30000	0.000	10.000	/m/03j1ly
fEhEH5etOaM_30000	0.000	10.000	/m/012ndj
kMsUtm29Ikc_410000	0.921	5.756	/m/012n7d
kMsUtm29Ikc_410000	7.346	9.276	/m/012n7d
Eb5WOo2TGgU_40000	6.669	8.126	/m/04qvtq
VBNnGF_8OHs_0	0.083	10.000	/m/04qvtq
zjJdLCtKccA_17000	0.000	9.819	/m/03j1ly
62sTpdi5fOY_70000	0.000	10.000	/m/012ndj
qGPl-IZ4fXQ_520000	0.000	10.000	/m/012ndj
qGPl-IZ4fXQ_520000	0.724	10.000	/m/04qvtq
xVzetIIzS9c_30000	0.000	1.013	/m/012n7d
7C5s5qeny5I_80000	0.000	10.000	/m/012ndj
55EKmMWVBbg_11000	0.000	9.544	/m/04qvtq
ADUylbV3gBQ_140000	0.000	7.880	/m/012n7d
DOL73bzUD3Q_0	0.000	10.000	/m/012n7d
vmSii3ZY-E4_30000	2.011	10.000	/m/03j1ly
89Ln2tDYVyU_20000	0.000	10.000	/m/04qvtq
CL9m1ci5q6o_30000	0.000	10.000	/m/012n7d
kCHJ6QU-8bU_10000	2.061	10.000	/m/012ndj
So-jXslhIF0_6000	0.000	9.697	/m/012n7d
Zmk57MkEwCc_50000	0.000	10.000	/m/012ndj
OeQVOdhGCps_12000	0.000	1.992	/m/012ndj
OeQVOdhGCps_12000	2.618	3.377	/m/012ndj
OeQVOdhGCps_12000	4.753	9.040	/m/012ndj
WJMkhI7UpdA_30000	3.898	10.000	/m/012ndj
0Fv4lkRB-BM_140000	0.000	10.000	/m/04qvtq
Vx2pCmrJpzM_10000	0.000	2.991	/m/012ndj
Vx2pCmrJpzM_10000	4.056	6.311	/m/012ndj
Vx2pCmrJpzM_10000	7.099	8.766	/m/012ndj
XAK4xGx708E_21000	2.921	9.047	/m/04qvtq
rAblULZsqEg_1000	0.000	9.008	/m/012n7d
k8VY5k0nugI_0	0.126	10.000	/m/04qvtq
CO460wN65Es_30000	0.000	10.000	/m/03j1ly
lsPU2eEzxTY_5000	0.000	9.257	/m/012ndj
O3tywrO0QxI_30000	0.000	10.000	/m/012ndj
cFtMPWwiKHs_40000	1.099	10.000	/m/012n7d
QGhassFSM9k_0	1.424	4.376	/m/04qvtq
ACMyJ5jShug_310000	0.000	0.866	/m/012ndj
ACMyJ5jShug_310000	2.315	5.488	/m/012ndj
L0s_M4x_Wu8_0	1.977	10.000	/m/012ndj
6yNd_D32_3g_30000	0.000	10.000	/m/012ndj
Hwz-o50e6pM_30000	0.000	6.978	/m/04qvtq
Hwz-o50e6pM_30000	7.862	10.000	/m/04qvtq
nm0EKgnBPHM_30000	0.748	1.543	/m/012ndj
nm0EKgnBPHM_30000	1.890	10.000	/m/012ndj
n4L64u2xhwg_30000	1.768	10.000	/m/012ndj
-7KREnTK6w8_18000	0.000	8.995	/m/012ndj
3pTG9trs1cY_20000	0.000	9.500	/m/012ndj
y3SbUxR9Kqw_20000	0.000	10.000	/m/03j1ly
lVM9xQw5Tt4_0	3.086	10.000	/m/04qvtq
GT_4vyc3NdQ_30000	0.581	10.000	/m/012ndj
PTfkYnRM1No_6000	0.000	9.581	/m/03j1ly
veODLfV2UMI_30000	0.000	10.000	/m/012ndj
A1Q4fCL-TME_260000	0.000	3.206	/m/03j1ly
zHOqFSyDRmU_30000	0.000	10.000	/m/012ndj
YCxmUexUDmI_10000	0.000	10.000	/m/012ndj
JW644W5bw0M_20000	0.000	10.000	/m/012n7d
BRfwKlArxJs_13000	0.000	9.824	/m/012ndj
xt23ngscI0U_30000	1.724	5.276	/m/04qvtq
EJ6befGZkmE_10000	0.000	10.000	/m/012ndj
8ui_tm_RKeY_60000	3.840	10.000	/m/012ndj
JDFj_s8YLc0_0	0.205	6.701	/m/012n7d
UqxCG8zQ-7c_210000	2.528	10.000	/m/012ndj
5qPs8YZ5nTw_3000	0.000	9.237	/m/012ndj
fWQ5vdVFjnY_30000	0.000	10.000	/m/012ndj
pmqr5sarP_A_10000	4.222	7.406	/m/03j1ly
pmqr5sarP_A_10000	8.373	10.000	/m/03j1ly
M5D3u9XfYq8_360000	0.000	8.988	/m/04qvtq
ESs9gHPnKK0_400000	2.971	6.748	/m/03j1ly
yxm_iI4-on4_10000	0.777	9.583	/m/012n7d
SmRXdw1WS0Y_30000	0.000	10.000	/m/012ndj
j3_k93jEWtU_130000	0.000	10.000	/m/012ndj
vh2cBHQJbsM_20000	0.000	1.365	/m/012n7d
vh2cBHQJbsM_20000	1.592	3.956	/m/012n7d
tpKXZ2fxAxw_30000	1.560	10.000	/m/04qvtq
ZR3EiEsWQ9w_3000	0.000	6.759	/m/012ndj
UwN-dmZrwvE_20000	0.000	10.000	/m/04qvtq
t0P9DEweEv4_0	3.413	7.396	/m/04qvtq
jyDKlyLf95o_29000	0.000	9.499	/m/012ndj
WRRYf6B1C_c_25000	6.179	7.957	/m/012n7d
1YaHOFT2bLQ_30000	0.000	10.000	/m/04qvtq
6XwkRqJoffU_30000	0.000	10.000	/m/03j1ly
mzU7GEhDxz4_30000	0.000	10.000	/m/03j1ly
VNsXETkkYpQ_390000	0.000	10.000	/m/012ndj
DGz1l7GTPeA_30000	0.000	10.000	/m/03j1ly
V9vQFBkf5cA_100000	4.764	10.000	/m/012n7d
6F3YIb0Uw4I_30000	1.091	10.000	/m/04qvtq
iH86UuVUa1E_30000	0.000	10.000	/m/04qvtq
TXI7PqTjSu8_6000	0.000	8.844	/m/04qvtq
EVQ5A56WWug_30000	0.000	3.086	/m/04qvtq
EVQ5A56WWug_30000	3.419	10.000	/m/04qvtq
urjDya5x4wM_20000	0.000	10.000	/m/012ndj
-w8y924-icc_11000	0.000	8.987	/m/03j1ly
czD5byFDL7Q_70000	0.000	10.000	/m/04qvtq
6DEYZnl3YoQ_30000	0.000	10.000	/m/012ndj
FFNmmMIIT-U_30000	0.000	10.000	/m/04qvtq
Oe6erT9TAGA_70000	0.000	10.000	/m/012ndj
S2b5ccSkXAM_30000	0.000	10.000	/m/012ndj
GUjzk8_XW6I_0	0.082	7.270	/m/04qvtq
O1emL70eTwI_290000	6.954	10.000	/m/04qvtq
F6ZQToJR2qQ_0	1.793	10.000	/m/012ndj
9xD4uYUSaKI_180000	0.000	10.000	/m/012ndj
DUskyetTMZE_30000	0.000	2.705	/m/04qvtq
TipoeFCyJ2k_30000	0.000	10.000	/m/012ndj
iJ-Md22K2YQ_10000	0.000	10.000	/m/03j1ly
DJFfwgyN6hY_30000	0.000	5.723	/m/012n7d
8bzIPte1Ze0_330000	0.000	10.000	/m/012ndj
pTZ8JBVBBBk_0	8.512	10.000	/m/04qvtq
PffCd1vCPzg_30000	0.000	3.060	/m/012ndj
PffCd1vCPzg_30000	3.149	10.000	/m/012ndj
YNIr0HEI718_160000	3.444	6.145	/m/012n7d
57gQncjfCAE_0	0.107	10.000	/m/03j1ly
R5m2gagMn1Y_150000	0.000	4.584	/m/012n7d
ysNK5RVF3Zw_0	0.268	10.000	/m/03j1ly
txoAD-FtErg_40000	7.147	9.591	/m/04qvtq
tigofrSp_5s_30000	3.953	5.520	/m/012ndj
cl5VPnikbx4_70000	0.000	10.000	/m/012ndj
FXS2oZG9szE_30000	0.000	9.590	/m/012ndj
6R-UTccZwf8_2000	0.000	9.181	/m/012ndj
IC_mi_DoSKU_0	0.000	10.000	/m/012ndj
jvRhGrWnQLA_440000	5.282	10.000	/m/03j1ly
BF2caFanSts_300000	0.000	10.000	/m/03j1ly
ldPcujHM1RQ_30000	0.095	1.297	/m/012n7d
ldPcujHM1RQ_30000	2.889	3.539	/m/012n7d
ldPcujHM1RQ_30000	3.758	4.961	/m/012n7d
ldPcujHM1RQ_30000	5.594	6.236	/m/012n7d
ldPcujHM1RQ_30000	6.455	7.641	/m/012n7d
ldPcujHM1RQ_30000	8.405	10.000	/m/012n7d
Vh87eXUhJ8I_9000	0.000	9.228	/m/012ndj
j1Zez4y_xdk_30000	0.000	10.000	/m/03j1ly
BjZFCJUc8FE_11000	2.052	7.986	/m/012ndj
dzxGJQ9Ujq8_10000	0.973	10.000	/m/04qvtq
O0L15OssAiI_320000	0.000	10.000	/m/04qvtq
514xBuCisHg_10000	0.000	9.749	/m/012ndj
yqVb2fK60Yw_30000	0.000	10.000	/m/012n7d
pNgcy-PQGl4_10000	0.000	10.000	/m/03j1ly
Ng2uyB2Dr1w_30000	0.000	10.000	/m/012ndj
r5Ia3ZHBZ0w_90000	0.000	10.000	/m/012ndj
Nh4mZmFLLto_20000	0.000	10.000	/m/012ndj
12aXUfObwlY_0	0.047	10.000	/m/012ndj
fm5ZCTqkDJs_90000	4.838	10.000	/m/04qvtq
0qTClRxN6mY_240000	0.000	10.000	/m/012ndj
K39t7Rejk3I_30000	0.000	10.000	/m/012ndj
zWD8zHSlXvI_30000	0.000	0.626	/m/012ndj
zWD8zHSlXvI_30000	1.269	2.618	/m/012ndj
C5AyQAxboFg_30000	0.000	10.000	/m/03j1ly
IRwYtMQAMJ4_0	0.038	10.000	/m/012ndj
V1-V5jATr5w_0	0.000	10.000	/m/012ndj
wN9xLo2keiE_120000	0.557	6.464	/m/012ndj
GcOAQUWJOOQ_0	0.000	8.094	/m/04qvtq
tHIbyB2nXpI_60000	0.000	8.616	/m/012ndj
Nv74BP4VCGA_10000	3.733	10.000	/m/012ndj
CECOdA4UVmI_0	0.068	10.000	/m/012ndj
qmESqQW545I_170000	0.000	1.885	/m/012n7d
rMAl4tPQtdg_130000	0.000	10.000	/m/012ndj
gd6E9ObWJAQ_20000	1.039	6.213	/m/012ndj
oQvwY6Mf0iI_40000	0.000	10.000	/m/012ndj
2CftbNXCF4A_12000	6.966	9.432	/m/012n7d
2CftbNXCF4A_12000	2.399	6.944	/m/04qvtq
E8R5NUS56hM_19000	0.000	9.721	/m/012ndj
NUJuiMKbyhc_250000	0.301	10.000	/m/04qvtq
Ls4G-LtTDUY_20000	0.000	10.000	/m/04qvtq
1_3HW1jnI6w_30000	0.000	2.064	/m/03j1ly
eqwWD5hK8So_60000	2.712	10.000	/m/012ndj
_K527DTN324_30000	6.913	10.000	/m/012ndj
xmzoydqcZRw_30000	5.079	10.000	/m/03j1ly
vZ0-e493IYw_110000	0.000	10.000	/m/012ndj
Jc7T3JCmvQ8_50000	0.000	10.000	/m/012ndj
nQVXTHrARRA_40000	7.767	10.000	/m/04qvtq
hMSsrjgNiJU_60000	0.000	10.000	/m/012n7d
Xkb_v_hVhh0_26000	0.000	4.384	/m/04qvtq
Bx7QtucVmx8_25000	0.000	9.621	/m/03j1ly
NaOrIP2VXj8_20000	0.000	10.000	/m/012ndj
sTMNZdEh7ys_30000	0.000	10.000	/m/012ndj
YsJbLdCRN_E_5000	0.000	9.890	/m/012ndj
nars25uVpKU_1000	0.000	8.995	/m/012ndj
sjzNMuMtcZY_320000	3.675	6.889	/m/03j1ly
sjzNMuMtcZY_320000	7.068	10.000	/m/03j1ly
KSikyKc_YSI_0	1.135	10.000	/m/012ndj
HcLqWMIWizQ_110000	7.058	10.000	/m/012ndj
g3VLAyHEGJU_30000	0.000	10.000	/m/03j1ly
YhGMKTEg6c4_7000	0.000	9.681	/m/04qvtq
GQ-c78uJEys_4000	0.000	9.282	/m/012ndj
FLOh_s6PM_M_30000	0.000	5.677	/m/012ndj
ehZG41kFrdQ_10000	0.000	10.000	/m/012ndj
YRmvd2WoKNM_30000	0.000	10.000	/m/04qvtq
6hTCWgO8FQ8_160000	0.000	1.695	/m/04qvtq
6hTCWgO8FQ8_160000	2.020	6.309	/m/04qvtq
6hTCWgO8FQ8_160000	6.472	7.731	/m/04qvtq
MWn0gYXEquQ_430000	0.000	10.000	/m/012ndj
zf-EM00QYkI_360000	1.945	8.423	/m/012n7d
nYrS-DeZk3o_40000	0.000	10.000	/m/012ndj
qITnYSOz-TY_410000	0.000	10.000	/m/012ndj
_ySqEhyZ-ZE_50000	4.213	7.341	/m/04qvtq
hRdqy0okc6I_6000	0.000	9.186	/m/04qvtq
qso_q5QMUp8_0	0.000	4.152	/m/04qvtq
qM4htNJL-iw_140000	0.000	10.000	/m/012ndj
z6yJVF0iKLk_30000	0.000	10.000	/m/012ndj
M6pNhJoaPqY_10000	6.268	10.000	/m/012n7d
MLFfE90Av2Q_30000	0.000	10.000	/m/04qvtq
yAXvUPPYnpk_30000	0.000	10.000	/m/012ndj
DvPrd5WqgAw_30000	0.000	10.000	/m/012ndj
JFhh9kbPYWg_20000	6.811	9.457	/m/04qvtq
JFhh9kbPYWg_20000	9.449	10.000	/m/03j1ly
13ApmSOcZpU_30000	1.249	6.275	/m/04qvtq
13ApmSOcZpU_30000	8.315	10.000	/m/04qvtq
5uLIPWySWXw_30000	8.766	10.000	/m/04qvtq
HpRZXnx-ckk_30000	0.000	10.000	/m/012ndj
iT9dFpbqj-s_26000	4.670	7.746	/m/03j1ly
iT9dFpbqj-s_26000	8.515	9.155	/m/03j1ly
yAOcuPlIBwI_15000	0.000	7.113	/m/04qvtq
yAOcuPlIBwI_15000	0.000	7.125	/m/012ndj
jO-PZRnY04A_22000	0.000	9.393	/m/04qvtq
HEz2dGGxIjo_30000	0.000	10.000	/m/012ndj
BJHrEjlb5S8_30000	0.000	6.921	/m/012n7d
TOOb8eBP_uI_40000	0.000	4.863	/m/012n7d
TOOb8eBP_uI_40000	3.531	10.000	/m/012ndj
TKwdUSD8Mdo_10000	0.000	10.000	/m/03j1ly
CM5M4o3prqg_0	0.034	10.000	/m/012ndj
XAA2Mjl0LF8_100000	0.000	10.000	/m/012ndj
uiE2EnEZKQE_10000	3.945	6.157	/m/04qvtq
DkTL9fT7k-A_30000	2.443	5.392	/m/012ndj
DkTL9fT7k-A_30000	6.402	10.000	/m/012ndj
_O-IJMaaUzk_170000	0.008	10.000	/m/012ndj
lLR5A0A3730_30000	0.000	10.000	/m/03j1ly
LYUsROGVU2Y_10000	0.000	10.000	/m/03j1ly
DSOadme3cM8_40000	0.000	3.961	/m/03j1ly
04xrg4ZEU-A_10000	0.135	0.753	/m/012n7d
0nGslh_qDVs_28000	0.000	8.933	/m/012ndj
WfdTgIkhrMQ_50000	0.000	10.000	/m/012ndj
08bVSqAKJiM_60000	0.000	10.000	/m/012ndj
Hpnja1gcKN0_30000	0.000	10.000	/m/012ndj
EV2gbcbIb4k_28000	0.014	9.477	/m/012ndj
AfeKfXgRpm4_21000	3.040	8.127	/m/04qvtq
rJIP-7lpiro_6000	0.000	9.365	/m/04qvtq
RQHO4oyUfvU_0	0.055	10.000	/m/012n7d
EWATNmW_Wqg_0	0.975	4.856	/m/04qvtq
4Zp2YHhr_jg_30000	0.004	4.210	/m/012n7d
9a9gaKsysWo_30000	0.000	10.000	/m/012ndj
82WY3z3vTTM_30000	0.000	10.000	/m/012n7d
rhUfN81puDI_0	0.276	10.000	/m/03j1ly
0DixzJEVelg_340000	0.000	2.022	/m/012ndj
0DixzJEVelg_340000	2.188	5.632	/m/012ndj
0DixzJEVelg_340000	7.001	10.000	/m/012ndj
-Y1qiiugnk8_30000	0.000	10.000	/m/012n7d
2Vjn-3LY-2o_250000	9.228	10.000	/m/04qvtq
VRLupXn0wZY_0	0.070	10.000	/m/03j1ly
4yub23Xuzos_150000	0.243	5.058	/m/012ndj
4yub23Xuzos_150000	5.659	10.000	/m/012ndj
2A0s2knQdqw_30000	5.907	8.430	/m/012n7d
UHt-oSVZehs_90000	0.008	10.000	/m/04qvtq
N4EPr8gDIIQ_30000	0.000	10.000	/m/04qvtq
sxfzPN8UFMg_10000	6.504	8.315	/m/03j1ly
-6WqJCSmkCw_70000	6.819	10.000	/m/04qvtq
lAC8te4sjHM_10000	0.000	5.423	/m/012n7d
5XkYYom37u0_7000	0.000	9.128	/m/04qvtq
f172okjpnsI_30000	0.000	10.000	/m/012n7d
XTM9lxgiliA_40000	0.000	10.000	/m/03j1ly
fQ8qxxDnwTc_30000	0.000	10.000	/m/012ndj
De4XiKi35xg_90000	7.858	10.000	/m/012n7d
wZTAfhXcgTM_30000	0.000	4.974	/m/012ndj
sNhegjXNT5w_30000	0.000	10.000	/m/012ndj
E7gVzOKqBM4_26000	0.000	9.596	/m/012ndj
_GQ2aiDkTuQ_180000	0.000	2.532	/m/012ndj
_GQ2aiDkTuQ_180000	5.221	8.056	/m/012ndj
9weq6Y1T6Ks_30000	0.819	10.000	/m/012n7d
y5gSFdSHXfo_320000	3.499	9.549	/m/04qvtq
7bm9ax5BOUs_0	0.000	10.000	/m/012ndj
ZwfFTYNrrlg_190000	0.000	10.000	/m/03j1ly
18CkY6gw8Vk_30000	0.000	5.928	/m/012ndj
32PSKhxglmk_10000	0.000	10.000	/m/012n7d
NGIwHTuX9HA_30000	0.000	10.000	/m/04qvtq
YzPibgWZM1o_16000	0.000	9.797	/m/04qvtq
YTIsfJGTfc0_30000	0.000	10.000	/m/012ndj
YmLfWgAYTpw_30000	0.000	10.000	/m/04qvtq
M2xzDkoqyYs_30000	4.580	8.874	/m/012n7d
5CbrN_n-YFI_50000	0.000	10.000	/m/012n7d
N8D7g-u1YQ4_30000	0.000	10.000	/m/03j1ly
fKnhL9H-jFA_80000	2.873	10.000	/m/012n7d
Mq5E-QFE2Sg_200000	0.340	1.041	/m/012n7d
Mq5E-QFE2Sg_200000	3.488	10.000	/m/012n7d
HNLuV_SiyCA_30000	0.000	10.000	/m/012ndj
YHzyj3erbQs_100000	0.000	10.000	/m/04qvtq
nmxf3LrNqNk_100000	0.000	10.000	/m/012ndj
OQg2pSx_e5M_30000	5.533	10.000	/m/012n7d
OQg2pSx_e5M_30000	0.000	5.533	/m/04qvtq
Tyc1AOIw-DY_80000	0.000	3.529	/m/03j1ly
m4FXx4DA6CM_30000	1.433	5.488	/m/04qvtq
3ISCUTeusjE_70000	0.000	4.091	/m/012ndj
3ISCUTeusjE_70000	5.280	9.326	/m/012ndj
h1rVVtKEzZc_30000	0.000	10.000	/m/012ndj
moUteo4bK1U_200000	2.676	10.000	/m/03j1ly
dN_dKaheFdk_70000	0.000	10.000	/m/012ndj
VxzXykLTIZQ_150000	0.000	10.000	/m/012ndj
xIbjuYxXiAU_60000	1.094	10.000	/m/012ndj
ZZR4WZbwxMg_30000	0.000	10.000	/m/012ndj
KrbShwiIUso_100000	0.000	9.299	/m/012n7d
KrbShwiIUso_100000	2.079	10.000	/m/03j1ly
BDTlaUbJcrI_30000	0.000	10.000	/m/012n7d
XspazHCZqIk_30000	0.000	10.000	/m/012n7d
bpE5TnlOK7o_20000	0.000	10.000	/m/04qvtq
EFuP4SQEiW4_150000	1.971	10.000	/m/04qvtq
iEY2uNZDF5s_21000	2.571	8.023	/m/04qvtq
BOyyLzPvdCE_0	0.090	10.000	/m/012n7d
CFgPkyfs77g_270000	0.195	1.414	/m/04qvtq
CFgPkyfs77g_270000	2.348	8.327	/m/04qvtq
tbx4oeeqcTQ_10000	0.000	10.000	/m/012ndj
cOhH369x8mA_100000	0.000	10.000	/m/012ndj
Pazw2EUFar0_30000	2.142	2.824	/m/03j1ly
pzaLqsvD5oQ_4000	0.000	8.833	/m/012ndj
dgMTijqN77o_30000	0.000	10.000	/m/04qvtq
SllQ8m6NjBs_120000	0.000	10.000	/m/012ndj
DRAE6T2bL5g_30000	0.000	10.000	/m/012n7d
DRAE6T2bL5g_30000	0.000	10.000	/m/04qvtq
No_r6evoZ9w_260000	0.000	10.000	/m/012ndj
Vg8p4AvhtOk_0	7.496	8.034	/m/04qvtq
yRerbUJtA6U_30000	0.000	8.844	/m/012ndj
yRerbUJtA6U_30000	9.560	9.864	/m/012ndj
rhvKWITLHis_0	0.000	10.000	/m/012ndj
-pVEgzu95Nc_30000	0.000	10.000	/m/03j1ly
FAl7hlrQZj4_14000	0.000	9.917	/m/012ndj
FM-9uXZjsZU_40000	0.000	10.000	/m/04qvtq
VwfEocRpHaI_30000	0.000	10.000	/m/012ndj
VwfEocRpHaI_30000	1.216	6.239	/m/04qvtq
HRbY9RGGAG8_30000	0.000	10.000	/m/03j1ly
FBUX4UcgZEM_30000	0.000	10.000	/m/012ndj
6ToMJ5a7qyY_14000	0.000	9.800	/m/03j1ly
R3uRcG9ErWU_5000	0.000	9.931	/m/04qvtq
U9zpDqBcwzo_19000	0.007	9.315	/m/012n7d
8kpmtHAhY1o_19000	0.000	9.793	/m/012ndj
xPkDUb275wE_420000	0.000	1.795	/m/03j1ly
2ydyFLjN77s_220000	0.000	4.278	/m/04qvtq
2ydyFLjN77s_220000	8.413	10.000	/m/04qvtq
Zx2QOp0urTE_8000	0.000	9.636	/m/012ndj
Nd8DpA1GDLw_10000	1.640	6.032	/m/04qvtq
iIYEeiW9pNM_70000	0.000	10.000	/m/012ndj
4qBXePjpr_Q_370000	0.000	10.000	/m/04qvtq
H7ZugYM2-gM_0	0.000	10.000	/m/012ndj
3vBu3hZCzSM_0	0.028	10.000	/m/012n7d
5EtOL1qJx4s_20000	0.000	10.000	/m/012n7d
mgVA49IcX0s_30000	4.794	7.983	/m/012ndj
aVvka4M979A_25000	0.000	9.110	/m/03j1ly
YoGfsvQOEWc_0	0.020	3.105	/m/04qvtq
FZLnBJ7vnHY_10000	0.000	10.000	/m/04qvtq
10R2yQUbKzc_30000	5.976	10.000	/m/012ndj
dZCkCEWQ_DI_30000	0.000	10.000	/m/04qvtq
Abpo_nDpLPk_30000	3.096	4.413	/m/012ndj
RDHd5pDWJMc_30000	0.000	10.000	/m/04qvtq
h97pKUkOAiU_6000	0.000	9.859	/m/012ndj
tiTGKI-M8Hc_30000	0.394	3.000	/m/04qvtq
nwg2YAclas4_70000	3.654	5.433	/m/012ndj
8F-ndyrEWJ8_470000	0.000	1.848	/m/04qvtq
8vPRbqUP33A_30000	0.000	10.000	/m/012ndj
rLYi3vgZQCI_10000	0.000	10.000	/m/012ndj
FkD4jOl-IL8_30000	0.000	1.339	/m/04qvtq
X_S8kWs1y_Q_40000	4.343	4.522	/m/03j1ly
X_S8kWs1y_Q_40000	4.863	5.131	/m/03j1ly
X_S8kWs1y_Q_40000	5.481	5.806	/m/03j1ly
X_S8kWs1y_Q_40000	6.260	6.780	/m/03j1ly
X_S8kWs1y_Q_40000	7.203	7.641	/m/03j1ly
X_S8kWs1y_Q_40000	7.918	8.218	/m/03j1ly
MhyOX0xtaGQ_3000	0.000	9.910	/m/012n7d
pX9ZqZHJqVw_140000	0.000	10.000	/m/012ndj
z57bR_2M-NE_60000	0.000	10.000	/m/012ndj
YV2wuAimpOQ_210000	0.000	10.000	/m/012ndj
-d-T8Y9-TOg_17000	0.012	8.983	/m/012n7d
fEFBJjVl3OA_290000	0.008	10.000	/m/04qvtq
UbkUtLiMNSI_100000	0.000	0.292	/m/012n7d
UbkUtLiMNSI_100000	0.519	2.086	/m/012n7d
UbkUtLiMNSI_100000	2.478	3.117	/m/012n7d
UbkUtLiMNSI_100000	3.364	3.653	/m/012n7d
UbkUtLiMNSI_100000	4.725	5.055	/m/012n7d
UbkUtLiMNSI_100000	7.900	9.158	/m/012n7d
nHiLu70TK5Y_200000	0.000	10.000	/m/03j1ly
rx9Sarky2d8_50000	0.000	3.369	/m/012ndj
rx9Sarky2d8_50000	3.450	10.000	/m/012ndj
wARxA8vm_ws_50000	0.000	10.000	/m/03j1ly
ngm1xgtAaio_30000	0.000	10.000	/m/012n7d
hr-tBZ9v1bg_30000	0.000	10.000	/m/012ndj
tYhS55mkbEo_90000	0.000	10.000	/m/012ndj
dXpQ1FOJpHg_40000	0.000	10.000	/m/03j1ly
mXPH51Cbawc_17000	0.000	9.953	/m/012ndj
gb8OEks79nk_280000	0.000	10.000	/m/03j1ly
MMQLD910Rpw_0	3.788	10.000	/m/012n7d
gNxIU8q80l0_90000	0.000	10.000	/m/012ndj
roo2yz59HBE_30000	0.000	10.000	/m/012n7d
p_SklLgMpBo_30000	0.000	10.000	/m/04qvtq
5GUTCDIP02U_30000	0.000	9.938	/m/012ndj
Isi7txrCZGc_10000	0.000	10.000	/m/04qvtq
2xvqbtV1vfQ_30000	0.000	10.000	/m/03j1ly
3iSc3b-JMZo_30000	0.000	10.000	/m/012ndj
rOR09RY5Lbc_16000	0.000	9.751	/m/03j1ly
7J7_OGwI2O4_0	0.000	3.725	/m/04qvtq
7J7_OGwI2O4_0	7.765	10.000	/m/04qvtq
5fOLoGcOdVs_30000	0.000	10.000	/m/012ndj
bIU0X1v4SF0_60000	0.000	4.540	/m/03j1ly
MpAo8pQiZFI_40000	0.000	10.000	/m/012ndj
MpAo8pQiZFI_40000	6.050	10.000	/m/04qvtq
LB5zwBmY7tU_30000	0.000	10.000	/m/012ndj
qN2oC8mMjZk_30000	0.000	10.000	/m/012ndj
K8Vyj2Eum8I_20000	0.000	10.000	/m/012n7d
r_VhtoyxvAs_10000	3.772	9.528	/m/012ndj
sCvxxuz3l_A_10000	3.767	10.000	/m/012ndj
nC_IPV1fOVg_0	0.086	8.004	/m/012n7d
qZVayEmAzw4_40000	0.000	6.829	/m/012ndj
qZVayEmAzw4_40000	7.737	10.000	/m/012ndj
H0NKU8-RsjA_420000	0.000	1.908	/m/012ndj
jKSrUKUQfhQ_20000	0.000	5.359	/m/012ndj
jKSrUKUQfhQ_20000	6.309	10.000	/m/012ndj
sPeu5IRj5nc_0	0.114	10.000	/m/04qvtq
RQOk3g7ZlVQ_30000	3.409	9.601	/m/04qvtq
FuxDgrbnLkk_30000	0.000	10.000	/m/03j1ly
attauSOGwBw_0	0.051	10.000	/m/03j1ly
_S7baZ3EtZY_40000	0.000	1.805	/m/03j1ly
_S7baZ3EtZY_40000	5.786	9.371	/m/03j1ly
Yo_U9CEycKI_250000	5.398	10.000	/m/012n7d
eMX2eP3EedA_30000	2.543	10.000	/m/04qvtq
BiUEVx_G0nU_11000	0.000	9.852	/m/012n7d
kY4oaEjfxCc_290000	0.000	10.000	/m/03j1ly
0qzduT2AHmo_20000	9.015	10.000	/m/012ndj
G_7-IR3pl8E_0	0.000	10.000	/m/012n7d
NMAzonWtqtg_0	1.190	10.000	/m/012n7d
1K0Y5IjgHVo_130000	2.683	10.000	/m/012ndj
myRDci4OTEA_0	0.138	10.000	/m/012ndj
2Pk0WqSZ8zU_70000	0.000	10.000	/m/012ndj
I6gIW8VUXp0_30000	0.000	10.000	/m/04qvtq
iRxaPHHvyIk_50000	0.000	10.000	/m/012n7d
USi-AqySbzU_30000	0.000	10.000	/m/03j1ly
ieRFqr7RlHU_6000	0.000	1.274	/m/012ndj
714lnnBCFOU_30000	0.000	10.000	/m/012ndj
v4REZ0nM5Jg_13000	0.000	9.675	/m/012ndj
PCJhQJCQZeo_40000	0.000	10.000	/m/012ndj
hdWZ3LrSiuo_30000	0.000	2.588	/m/04qvtq
P1Wlv1SqBcQ_270000	0.000	10.000	/m/012ndj
86VYxet0LXs_210000	6.320	10.000	/m/012ndj
YCxcyolfDn4_50000	0.444	0.883	/m/03j1ly
ec1BGiYqf-o_21000	1.267	9.186	/m/012ndj
heuNPPsMysU_550000	0.000	10.000	/m/03j1ly
zuhOZVzQik8_16000	0.000	9.353	/m/012ndj
G7IUTroCggA_50000	1.764	10.000	/m/04qvtq
ggsFp99brsU_100000	1.533	10.000	/m/012ndj
jTweLqDIZWk_40000	0.000	4.629	/m/012ndj
DVAfQPhd9ck_250000	0.000	10.000	/m/04qvtq
NCto3N2D0aY_10000	0.000	3.986	/m/012n7d
NCto3N2D0aY_10000	4.189	10.000	/m/012n7d
Fi30Q7gb-bY_30000	0.000	10.000	/m/012n7d
R9dokl6P_hg_4000	0.000	9.026	/m/012ndj
yC-c7txcfcA_30000	0.000	10.000	/m/04qvtq
-tb1M-QeCjI_20000	0.000	10.000	/m/012ndj
u9aHjYGbl5o_30000	0.000	10.000	/m/03j1ly
PpmxjGpTx8Q_10000	0.000	9.356	/m/012ndj
5Va6_5kQUik_10000	8.102	10.000	/m/012n7d
enL18sXbrXM_12000	0.000	9.107	/m/012n7d
gJNYHdCWHpc_30000	0.000	10.000	/m/04qvtq
-mfOIJLtEVM_19000	0.000	9.409	/m/012ndj
qGLJ41P17Rk_30000	0.000	10.000	/m/04qvtq
90DSJfFfvio_200000	0.000	10.000	/m/012ndj
90DSJfFfvio_200000	0.924	2.742	/m/012n7d
cM24ZpTlXN0_40000	0.000	10.000	/m/012ndj
GizX7pGc3Ec_30000	0.000	10.000	/m/012ndj
B8TLrMJfq0Q_30000	0.000	10.000	/m/012ndj
IoHTxECdo30_270000	0.000	10.000	/m/012ndj
CDSnhR5KPpc_90000	0.000	10.000	/m/012n7d
uuCsu6qOvgE_70000	0.984	5.474	/m/04qvtq
uuCsu6qOvgE_70000	5.733	9.902	/m/04qvtq
ascISG_k9s4_130000	0.008	10.000	/m/03j1ly
_CTmVtwM-M8_30000	0.000	0.814	/m/04qvtq
_CTmVtwM-M8_30000	2.729	3.028	/m/04qvtq
_CTmVtwM-M8_30000	3.142	3.394	/m/04qvtq
_CTmVtwM-M8_30000	3.486	4.346	/m/04qvtq
_CTmVtwM-M8_30000	4.794	4.989	/m/04qvtq
_CTmVtwM-M8_30000	5.149	5.378	/m/04qvtq
_CTmVtwM-M8_30000	5.539	6.032	/m/04qvtq
_CTmVtwM-M8_30000	7.569	10.000	/m/04qvtq
57NefYJLTE4_30000	0.008	10.000	/m/04qvtq
eMVmUcK0xBU_0	0.085	8.161	/m/04qvtq
A5ZGEJKUTXY_30000	0.000	4.893	/m/04qvtq
0eq4AberCIY_17000	0.000	9.858	/m/04qvtq
Vsve5nA3bSc_30000	0.000	10.000	/m/03j1ly
HxB6C9su7ts_270000	0.000	10.000	/m/03j1ly
fj1fknZPxUA_0	6.134	10.000	/m/012ndj
-F2lk9A8B8M_30000	2.911	10.000	/m/04qvtq
_U4NdEH1I-k_30000	0.000	10.000	/m/03j1ly
2sckeiQnL5I_0	0.118	10.000	/m/04qvtq
sJI6U9pYd-s_220000	0.000	4.953	/m/012ndj
UEMwUub78Ew_0	4.740	10.000	/m/04qvtq
NSO3huqx3KE_16000	0.000	9.658	/m/03j1ly
S_H0pbdKOMI_130000	0.000	10.000	/m/012n7d
S_H0pbdKOMI_130000	0.000	10.000	/m/012ndj
xDRZQxau_fM_510000	6.659	10.000	/m/012ndj
rpCVfEusnE0_0	0.006	7.651	/m/012n7d
JSuUyOociUo_30000	0.000	10.000	/m/012ndj
S8FTFGdNtkk_20000	8.354	10.000	/m/012ndj
nlBVY8iOEn0_28000	0.000	9.477	/m/012ndj
JF1ijl5xZBA_10000	0.014	9.621	/m/04qvtq
vNFPTjEsySw_10000	5.913	10.000	/m/04qvtq
kR94OFbwDk4_100000	0.000	5.944	/m/03j1ly
kR94OFbwDk4_100000	7.063	10.000	/m/03j1ly
BI7gbKbxMe0_120000	0.000	10.000	/m/012ndj
5XO3ot5rF7Q_40000	0.000	10.000	/m/03j1ly
EnxS29QYoSE_0	0.630	10.000	/m/012n7d
bxMlJLIi8_A_80000	0.000	10.000	/m/04qvtq
odOLRKZ0MxI_30000	0.000	10.000	/m/012n7d
T6nJKKsh0Qk_30000	0.000	10.000	/m/012ndj
KbgDRF-oWSo_0	4.142	10.000	/m/012n7d
iiSx5bLo7ac_30000	0.000	10.000	/m/04qvtq
e3nanB6nrnQ_10000	0.000	10.000	/m/012ndj
wiuyQrn-cYU_21000	5.402	9.232	/m/03j1ly
iWiocYCLslw_30000	0.000	9.737	/m/012ndj
Rq6dML0xavA_30000	0.000	10.000	/m/012ndj
OFyBlqJKR0I_30000	0.000	0.865	/m/04qvtq
OFyBlqJKR0I_30000	1.279	1.520	/m/04qvtq
OFyBlqJKR0I_30000	1.595	1.798	/m/04qvtq
OFyBlqJKR0I_30000	1.919	2.114	/m/04qvtq
OFyBlqJKR0I_30000	2.295	2.453	/m/04qvtq
OFyBlqJKR0I_30000	2.596	2.792	/m/04qvtq
OFyBlqJKR0I_30000	2.980	3.123	/m/04qvtq
OFyBlqJKR0I_30000	3.950	4.101	/m/04qvtq
OFyBlqJKR0I_30000	4.417	4.567	/m/04qvtq
OFyBlqJKR0I_30000	4.778	5.598	/m/04qvtq
OFyBlqJKR0I_30000	5.922	7.637	/m/04qvtq
GVZwmzYJaoU_30000	0.000	10.000	/m/012ndj
AC1OebecQoc_170000	0.000	10.000	/m/012ndj
eejJuwReHV0_30000	2.579	6.154	/m/04qvtq
xpSkkPTtQw4_80000	0.000	3.649	/m/03j1ly
xpSkkPTtQw4_80000	5.521	9.139	/m/03j1ly
N2nBESKIP8c_210000	1.921	10.000	/m/012n7d
2xD3xJDlvFc_6000	0.015	3.056	/m/012ndj
UiSil-toj2E_240000	0.000	10.000	/m/012ndj
HOlAFkMT1Do_30000	0.000	0.850	/m/04qvtq
HOlAFkMT1Do_30000	2.189	3.969	/m/04qvtq
HOlAFkMT1Do_30000	7.882	9.827	/m/04qvtq
XDMsiZECSYc_50000	6.748	8.324	/m/04qvtq
siq-wRzZ4eo_26000	0.000	9.387	/m/012n7d
ymP3qIWN0qQ_21000	0.000	5.568	/m/04qvtq
ymP3qIWN0qQ_21000	7.196	9.070	/m/04qvtq
hajO5M7Q2t0_10000	0.000	9.575	/m/012n7d
4VI-WbqxPEc_90000	5.523	10.000	/m/04qvtq
D4M3YT75ZrQ_570000	0.472	10.000	/m/012n7d
G-pf0FF6LWU_30000	0.000	10.000	/m/012n7d
ET_ReejWJgI_0	0.064	5.000	/m/012n7d
JfzM_99kuTU_0	0.065	0.643	/m/04qvtq
JfzM_99kuTU_0	2.024	4.890	/m/04qvtq
JfzM_99kuTU_0	5.887	9.206	/m/04qvtq
CrJGtoCsIpU_30000	0.000	10.000	/m/012n7d
0KdKx63QmMk_120000	0.008	10.000	/m/012ndj
l3TbNnDlYtM_380000	5.251	10.000	/m/03j1ly
FDkl-22SzfA_6000	0.000	9.023	/m/04qvtq
HwPnve4Hj6I_30000	0.030	4.448	/m/04qvtq
HwPnve4Hj6I_30000	4.647	8.800	/m/04qvtq
6peZ0_VU4mI_0	0.116	10.000	/m/012n7d
GokYP8thm08_10000	0.000	8.173	/m/04qvtq
feASIKswsYg_30000	0.000	10.000	/m/03j1ly
AUfHpCBQjRA_160000	0.000	1.874	/m/012ndj
TIJvY634Hi0_30000	0.008	6.664	/m/012n7d
TIJvY634Hi0_30000	6.701	10.000	/m/012ndj
eWDCNlQ-GOI_30000	0.000	10.000	/m/04qvtq
tRCv0wdSd_k_30000	5.711	10.000	/m/012ndj
xiAwTHQDvNo_30000	6.315	10.000	/m/012ndj
5zIiFgwZ2eE_30000	0.000	10.000	/m/012n7d
1uMkgVRURSg_70000	7.189	8.724	/m/012n7d
1uMkgVRURSg_70000	8.953	10.000	/m/012n7d
V8k-VjM3bKY_17000	7.219	9.889	/m/04qvtq
Jht8Q3TEbYk_500000	6.740	10.000	/m/012n7d
vfAwJhQyCrE_6000	0.000	7.950	/m/04qvtq
eJOThh1c1NE_50000	3.942	10.000	/m/012ndj
VeCSHwtkBZU_30000	0.000	1.265	/m/04qvtq
VeCSHwtkBZU_30000	1.557	5.911	/m/04qvtq
VeCSHwtkBZU_30000	6.585	10.000	/m/04qvtq
vvhLauGOP70_30000	0.000	10.000	/m/012ndj
dNFEVqa-ttQ_30000	0.000	5.513	/m/03j1ly
dNFEVqa-ttQ_30000	8.425	10.000	/m/03j1ly
VWK_nBckEg0_60000	5.188	8.405	/m/04qvtq
226p2fzAmcg_40000	0.000	10.000	/m/012ndj
A3wPlUnrEAM_30000	1.758	7.924	/m/04qvtq
LfuzXpFmnDs_20000	0.015	3.758	/m/012ndj
f_p_f9X0OeU_30000	0.000	2.296	/m/04qvtq
f_p_f9X0OeU_30000	2.385	9.210	/m/04qvtq
f_p_f9X0OeU_30000	9.292	10.000	/m/04qvtq
Zfc2hL97mC4_10000	0.000	10.000	/m/012ndj
D3yy785DD5c_80000	0.016	10.000	/m/012ndj
GzdmC_MiIyg_10000	6.392	8.454	/m/04qvtq
3T1z1c3Z_Es_40000	0.000	5.220	/m/03j1ly
3T1z1c3Z_Es_40000	5.803	6.961	/m/03j1ly
3T1z1c3Z_Es_40000	7.102	10.000	/m/03j1ly
8wAMJ28hYlA_50000	0.000	10.000	/m/012ndj
d1-qgjzoi4M_30000	5.898	10.000	/m/04qvtq
d8tzrX88308_30000	0.000	10.000	/m/012ndj
d8tzrX88308_30000	8.930	9.530	/m/012ndj
66vJUlO53yo_20000	0.000	10.000	/m/012ndj
e1HvXlitvzA_40000	0.000	6.102	/m/012n7d
e1HvXlitvzA_40000	6.913	10.000	/m/012n7d
as7PUfMJ9mw_50000	0.000	10.000	/m/012ndj
K4pLO017YM8_6000	0.000	9.610	/m/012ndj
sEem3RGHZeE_140000	0.000	7.797	/m/012ndj
m2xsqvXD2R0_510000	0.000	10.000	/m/03j1ly
hmLsTb1Q1yA_100000	1.016	3.702	/m/012ndj
hmLsTb1Q1yA_100000	4.793	7.765	/m/012ndj
7k09T6S3i6k_30000	0.000	10.000	/m/04qvtq
Zi61qKMIb-g_21000	0.000	5.050	/m/04qvtq
8u5zK2Qyk3o_10000	0.000	1.898	/m/03j1ly
8u5zK2Qyk3o_10000	0.000	10.000	/m/012n7d
8u5zK2Qyk3o_10000	2.929	3.883	/m/03j1ly
8u5zK2Qyk3o_10000	4.547	10.000	/m/03j1ly
L-4pwf14HB4_17000	0.000	9.331	/m/03j1ly
67vt9F_MS3o_29000	0.000	9.250	/m/012ndj
siqjK7Q-laE_30000	0.000	10.000	/m/04qvtq
huBb_QKHvN8_26000	0.000	9.112	/m/012ndj
GInyDWdPUrI_30000	0.000	10.000	/m/03j1ly
eiNBU6sy_ro_160000	0.000	10.000	/m/012n7d
twFYhMUMIy0_50000	0.000	6.342	/m/04qvtq
twFYhMUMIy0_50000	7.008	9.867	/m/04qvtq
zydfHwzSgTo_40000	0.000	1.691	/m/04qvtq
_Rjutg8R_LU_6000	0.000	9.674	/m/03j1ly
xYlPB6_wNuo_30000	0.000	10.000	/m/012ndj
8ow0JzYKUFo_280000	0.000	3.271	/m/012n7d
Tz5LuXmoBsQ_0	3.339	7.323	/m/03j1ly
-HQRn3uSrH8_30000	7.472	10.000	/m/012ndj
pmCbEUGTlAM_180000	0.000	10.000	/m/04qvtq
hgUizXiWQpo_250000	0.000	10.000	/m/012ndj
vBG08EN2OT8_60000	1.756	2.320	/m/04qvtq
_UsNATz1sgE_30000	0.000	10.000	/m/04qvtq
NuewN-CKG_o_30000	7.874	10.000	/m/04qvtq
IOrbCl1Q6qk_30000	0.000	10.000	/m/012ndj
X2OQgjBVABQ_6000	0.000	9.883	/m/012ndj
fxqfZGIMeFE_24000	0.294	7.869	/m/012ndj
JMVFamZivLg_100000	0.000	10.000	/m/04qvtq
4Ct2WjUxrJc_30000	0.000	5.568	/m/03j1ly
LiTpqLSu33s_50000	0.000	10.000	/m/04qvtq
nyY0UtEKXqE_50000	0.000	10.000	/m/012ndj
8Q2MAgDItKY_360000	0.000	10.000	/m/03j1ly
0-pm2NzKvPU_490000	0.000	3.839	/m/012ndj
0-pm2NzKvPU_490000	4.505	7.186	/m/012ndj
hH0hraGCAik_30000	0.000	8.168	/m/012ndj
EpqhsgnFy7g_0	0.000	5.076	/m/012ndj
EpqhsgnFy7g_0	5.845	10.000	/m/012ndj
zGEh9b4DZnU_110000	0.000	10.000	/m/012ndj
WAsayl6LjV8_300000	0.000	10.000	/m/012ndj
Kp1UA0q3dU8_70000	0.000	10.000	/m/04qvtq
Yfi9a_yPdxk_11000	0.000	4.616	/m/04qvtq
Nkugm1VeQ_8_30000	0.000	10.000	/m/012ndj
hlcExKLsgNM_30000	0.000	10.000	/m/04qvtq
S1Lst9K0sZw_10000	0.000	6.812	/m/012ndj
z0vyfexYZ_s_25000	0.000	2.332	/m/012ndj
z0vyfexYZ_s_25000	5.470	9.064	/m/012ndj
27lYMGDot1s_0	6.373	10.000	/m/012n7d
oMG7nDppDXI_9000	0.000	9.431	/m/012ndj
UYsQCoHjhEY_30000	0.000	10.000	/m/04qvtq
WuQMDn8NnLA_140000	0.000	10.000	/m/012ndj
EKAo8LAWxvk_60000	0.000	10.000	/m/012ndj
HKNmrYc9Rao_500000	0.000	10.000	/m/012ndj
2jn7-T4oifc_90000	1.289	2.004	/m/012ndj
2jn7-T4oifc_90000	3.014	10.000	/m/012ndj
3o7ZM6B3YxU_30000	0.000	10.000	/m/04qvtq
5ZwM_O5yTiA_160000	0.000	10.000	/m/03j1ly
iNcEhkIuJEE_0	0.000	1.037	/m/04qvtq
iNcEhkIuJEE_0	1.498	10.000	/m/04qvtq
buTBsCSFMCs_30000	0.000	10.000	/m/012ndj
J8NXRSV7DPk_80000	0.574	7.771	/m/03j1ly
Kalum2MqRo4_130000	0.000	10.000	/m/012ndj
WQWUEZtm8Jw_30000	0.000	10.000	/m/012ndj
a_mdhaQPQ3w_60000	8.866	10.000	/m/04qvtq
kDvQPjPU9Cg_30000	0.000	10.000	/m/012ndj
7XH99mMfQlY_30000	0.000	10.000	/m/012ndj
xg9PiLuzaaM_50000	0.000	1.385	/m/012ndj
xg9PiLuzaaM_50000	8.352	10.000	/m/012ndj
QM6980cWj7Q_70000	5.709	10.000	/m/04qvtq
7_cwQ5jUpfg_10000	0.000	10.000	/m/012n7d
5FUholzEwVo_30000	0.000	10.000	/m/012ndj
BUdnzT2ud_w_30000	0.000	10.000	/m/012ndj
QQ8VXoRisuw_350000	0.000	10.000	/m/012ndj
QfSTaybPeVM_5000	0.000	9.722	/m/012n7d
sPPZ4o_J15M_190000	0.387	10.000	/m/04qvtq
xLXyvisbps0_20000	0.000	10.000	/m/012ndj
xLXyvisbps0_20000	3.598	10.000	/m/012n7d
THm-c9XQxiw_290000	0.008	2.511	/m/012ndj
5CuzWRfz5D8_0	0.000	9.961	/m/012ndj
BQQzUbV1tyQ_20000	7.773	10.000	/m/03j1ly
nBZaKSaTxzk_6000	0.000	9.887	/m/04qvtq
CY8fgEjV9v0_0	0.583	10.000	/m/04qvtq
vXaICMpmjjg_14000	0.000	9.290	/m/04qvtq
-0Hf2I8AFI8_20000	0.015	10.000	/m/012ndj
3oefh4d24h4_0	0.047	10.000	/m/04qvtq
q2KdvPBK2q4_260000	0.000	10.000	/m/012n7d
kJZuUK8shus_30000	0.000	10.000	/m/03j1ly
2Pq9c0tFt1g_30000	0.015	10.000	/m/012n7d
BHKlvDEechU_20000	0.000	10.000	/m/012n7d
E7UqRCbeqio_110000	0.000	10.000	/m/03j1ly
zrWuUrzPYr8_18000	0.000	9.973	/m/04qvtq
x-rrn1-wZH4_27000	0.000	9.072	/m/012ndj
HaKaWdQA2lE_1000	0.000	9.054	/m/012ndj
XQxdQBggiPA_250000	0.000	10.000	/m/012ndj
4Jhl7_t15Yg_250000	4.520	5.787	/m/03j1ly
36BBy7JAp68_22000	3.724	6.820	/m/04qvtq
dA68H-_i3R0_40000	0.000	10.000	/m/012n7d
CSMolvHAfew_40000	3.531	9.973	/m/012ndj
e1_wbMvQ9Ug_30000	1.420	10.000	/m/012n7d
zcrTMfIXLBw_18000	0.000	5.746	/m/03j1ly
H6GMg3Qn5ZM_8000	0.000	9.670	/m/012ndj
g4n4_16-MQA_0	0.048	6.661	/m/012n7d
EHr2Bjr155s_40000	8.228	10.000	/m/012n7d
EHr2Bjr155s_40000	0.000	10.000	/m/04qvtq
nvuOFUZyQjg_10000	0.000	9.551	/m/012ndj
hwr1RzU_fDE_410000	1.904	5.264	/m/03j1ly
kE45FZIxn1o_9000	0.000	4.782	/m/04qvtq
kE45FZIxn1o_9000	7.606	9.031	/m/04qvtq
5xKYPgCaSoI_20000	0.006	8.039	/m/012n7d
W8R9fj3e0Jk_0	0.307	10.000	/m/012ndj
fWmuZL59GP0_40000	0.000	10.000	/m/012n7d
Xy33HXzHAJs_10000	0.000	7.489	/m/04qvtq
hEvPSejVbmY_360000	4.155	10.000	/m/012ndj
lQiC83cGYWQ_25000	0.000	9.273	/m/012ndj
IA7HA1NMPGg_40000	0.000	10.000	/m/012ndj
AGoWSs94hQc_30000	0.000	10.000	/m/04qvtq
3J4b2YXG2hY_50000	6.390	10.000	/m/03j1ly
iFEJ1bu8g9M_30000	1.933	3.903	/m/04qvtq
n7PpZ3QPNrA_30000	0.217	7.103	/m/04qvtq
n7PpZ3QPNrA_30000	7.330	7.866	/m/04qvtq
rUOZbhz_DzI_20000	0.000	7.931	/m/04qvtq
mcA_nVdrI0A_70000	4.358	7.084	/m/03j1ly
yurEuCNPXn4_30000	0.000	10.000	/m/012n7d
Bdw1KK2PKh8_30000	3.467	4.354	/m/04qvtq
Bdw1KK2PKh8_30000	5.124	5.942	/m/04qvtq
ZWmXgdnE3ig_240000	0.000	10.000	/m/04qvtq
ykyZXh_S7HY_40000	0.000	10.000	/m/04qvtq
1XhQDGJC2EU_420000	0.000	10.000	/m/012ndj
G25ceVGnGuU_10000	0.000	10.000	/m/012ndj
IYM-o_oECrU_10000	0.000	10.000	/m/012n7d
2DKRKGcxnEU_30000	2.128	4.853	/m/04qvtq
2DKRKGcxnEU_30000	8.299	10.000	/m/04qvtq
M89o1Gxr-dY_3000	1.170	10.000	/m/03j1ly
BA1sXNwGq7M_30000	0.000	10.000	/m/012ndj
JOqyG7wzigY_15000	0.000	9.892	/m/012n7d
R4tXqNFRXdw_10000	0.000	10.000	/m/012ndj
Nlgg9m2VaH4_140000	6.855	10.000	/m/012ndj
vi5I9NDrDGM_30000	0.000	10.000	/m/03j1ly
nGono3etPsU_20000	0.000	10.000	/m/03j1ly
EBSOm3ZGnls_0	0.077	10.000	/m/012ndj
S6oggwc35is_0	1.161	5.424	/m/03j1ly
4PTM27YdM70_30000	5.606	10.000	/m/012ndj
yml_CwgBexI_0	2.013	10.000	/m/04qvtq
OLyyU4NOZu4_22000	0.000	9.141	/m/012n7d
feFJuNFY6Dw_30000	0.000	10.000	/m/04qvtq
vVqUvv1SSu8_30000	0.000	10.000	/m/012n7d
RAxD5JMXCnE_50000	0.000	10.000	/m/03j1ly
ixHlb4GxYPo_0	0.907	4.685	/m/012ndj
6mQgPJ62t8E_14000	0.000	7.928	/m/04qvtq
EA33eNV3TsM_350000	0.000	10.000	/m/012n7d
n5CNDVuGtK0_80000	0.000	7.239	/m/04qvtq
4x5QJMNn7Ok_30000	0.008	10.000	/m/04qvtq
FVnYbYOd5cc_30000	0.000	10.000	/m/04qvtq
TEy6U03WIQg_10000	0.000	3.519	/m/04qvtq
TEy6U03WIQg_10000	3.572	10.000	/m/012n7d
Fc9uqHOuyBQ_1000	0.000	9.890	/m/012n7d
wZTfCOkUAh4_17000	0.000	9.324	/m/012ndj
OOfihZzHtcs_30000	0.000	10.000	/m/012n7d
M43aXppBtJ4_30000	0.000	10.000	/m/04qvtq
FDRT6uSjVYc_30000	0.000	10.000	/m/012n7d
5UBA5w2Nb20_29000	0.000	1.030	/m/04qvtq
-_8fdnv6Crg_30000	3.368	8.283	/m/03j1ly
9dun3wWyO_I_14000	0.000	9.615	/m/012ndj
ZLEZm1gcO_0_30000	0.000	10.000	/m/012ndj
oxFvQfBMJm4_9000	0.000	9.233	/m/012ndj
7lAs7IWYbsY_11000	0.000	9.457	/m/012n7d
7lAs7IWYbsY_11000	0.000	9.457	/m/012ndj
nuq4VZHVGDY_30000	0.000	10.000	/m/012n7d
2Iy5umNshug_60000	3.274	10.000	/m/03j1ly
KvoVUZQ9520_20000	0.000	4.514	/m/012n7d
KvoVUZQ9520_20000	4.993	6.496	/m/012n7d
KvoVUZQ9520_20000	8.698	10.000	/m/012n7d
d5B0q1J7wP4_0	0.015	10.000	/m/012n7d
pTJYOdjuvDQ_30000	0.000	10.000	/m/012ndj
2fQzovEApvo_30000	0.000	3.102	/m/04qvtq
TZPHqJ9SAeI_30000	4.000	7.000	/m/012ndj
NKxlTzNnPzo_10000	0.000	10.000	/m/012ndj
91Ai-_WcYDg_30000	3.796	10.000	/m/04qvtq
DWXQ_cSUW98_30000	0.000	8.145	/m/012ndj
KlRGLudTo4E_0	0.027	9.000	/m/012ndj
xw80QEmSrhY_0	0.057	5.355	/m/012n7d
vMD8HeOqsqU_30000	0.000	1.412	/m/04qvtq
vMD8HeOqsqU_30000	1.763	4.052	/m/04qvtq
vMD8HeOqsqU_30000	4.333	10.000	/m/04qvtq
4iWXpUNpXtw_410000	0.000	10.000	/m/012n7d
4iWXpUNpXtw_410000	8.055	10.000	/m/012ndj
xCcAhEw577g_40000	0.000	10.000	/m/04qvtq
JLiMTvMwu8Q_20000	4.072	10.000	/m/012ndj
fd6d4maifOQ_0	0.016	10.000	/m/04qvtq
XgMG6Frhkw4_30000	7.398	10.000	/m/012n7d
K6zjfKm6x00_180000	5.976	10.000	/m/012n7d
bJKqqiKxaYA_110000	4.738	9.872	/m/012ndj
bYuXbuebe4U_30000	6.127	9.227	/m/04qvtq
vSsV4FF1i-M_30000	0.000	10.000	/m/012n7d
fbFFBO5rDaY_160000	0.000	10.000	/m/012n7d
-hLSc9aPOms_13000	0.000	9.616	/m/03j1ly
BHtukWoETTs_30000	0.000	10.000	/m/012n7d
S5AG_62DS1w_22000	0.000	9.688	/m/012ndj
AUngoGOk1_Y_7000	0.000	9.616	/m/04qvtq
2JyASFniiYg_50000	0.760	5.079	/m/012ndj
V1YSQl_VkAk_19000	0.000	9.706	/m/012ndj
pxN4r0dIoR4_110000	0.000	10.000	/m/03j1ly
N_GeH99AiVY_30000	0.000	10.000	/m/03j1ly
VpQgLide8VA_60000	0.000	10.000	/m/012n7d
M5u3gVo4hVs_250000	0.000	10.000	/m/012n7d
bWqXKTh06pE_380000	5.317	10.000	/m/04qvtq
7dyenuOM7Gs_30000	2.323	5.260	/m/03j1ly
s0iddDFzL9s_30000	0.000	10.000	/m/012n7d
WMzIkDBk9Bw_30000	0.000	10.000	/m/012ndj
Y1qoE4r1Gf8_40000	0.000	4.417	/m/04qvtq
ZNISbjG3FvI_460000	6.886	8.714	/m/012ndj
RlPNRLrElQA_0	0.413	7.848	/m/012ndj
am_R3Emf8Uk_30000	0.000	10.000	/m/04qvtq
ASuRqDLAzK0_22000	0.000	9.237	/m/012ndj
9nHvOkL0Y-I_30000	0.000	10.000	/m/012ndj
oGpwBgexxyU_120000	1.200	2.101	/m/03j1ly
oGpwBgexxyU_120000	7.081	9.022	/m/04qvtq
HWJDsydgYF4_25000	1.584	8.293	/m/012ndj
Hx_PxvAjCvA_30000	0.000	10.000	/m/012n7d
FJl1XoRxUv4_22000	0.000	9.602	/m/03j1ly
BUtJuWgAJWY_10000	0.000	10.000	/m/012ndj
m-1qBGoFWEA_10000	0.000	10.000	/m/012ndj
C8Ne4NNA_CA_10000	0.000	10.000	/m/04qvtq
-Acjd39CmCI_30000	4.251	10.000	/m/012ndj
DpVhbWSjLwI_30000	6.525	10.000	/m/012n7d
mU84rzsBS5A_30000	0.000	10.000	/m/04qvtq
9QHpCfOrvts_430000	2.575	10.000	/m/04qvtq
6llHfO8IqAM_30000	0.000	0.827	/m/012ndj
6llHfO8IqAM_30000	0.000	10.000	/m/03j1ly
uM1QkCMyv9g_30000	0.000	3.909	/m/012ndj
uM1QkCMyv9g_30000	4.334	9.033	/m/012ndj
OaoEyjfCPak_0	0.181	10.000	/m/012n7d
OaoEyjfCPak_0	0.189	10.000	/m/012ndj
ZBMCqMrFNdY_470000	0.000	7.698	/m/04qvtq
RLegzwqs4Og_500000	2.467	4.300	/m/012n7d
RLegzwqs4Og_500000	5.318	6.555	/m/012n7d
7GoQ8HaVAnA_30000	0.000	10.000	/m/012ndj
eB_FuM_Kt54_550000	0.000	10.000	/m/012ndj
Uxe-6s7__wA_30000	0.000	10.000	/m/04qvtq
CGGPnnIM7Uo_10000	7.913	10.000	/m/03j1ly
yZ9Yd57Ks3s_30000	4.752	7.656	/m/04qvtq
yZ9Yd57Ks3s_30000	9.301	10.000	/m/04qvtq
5CzMFiYRTE8_70000	0.000	6.745	/m/012ndj
AFWWqUOShj8_30000	0.420	1.460	/m/03j1ly
AFWWqUOShj8_30000	4.969	5.204	/m/03j1ly
AFWWqUOShj8_30000	5.399	6.098	/m/03j1ly
AFWWqUOShj8_30000	6.244	6.496	/m/03j1ly
AFWWqUOShj8_30000	6.650	7.024	/m/03j1ly
AFWWqUOShj8_30000	7.660	10.000	/m/03j1ly
oRp4TTfgMag_10000	1.560	10.000	/m/03j1ly
diiFL4xtqhM_20000	0.315	5.606	/m/04qvtq
JTnBaQjwJiA_30000	0.000	10.000	/m/012ndj
EqdTkIAhiwk_9000	0.000	9.060	/m/03j1ly
3SY0x9DGB60_30000	0.000	7.609	/m/03j1ly
phWVfoFL5yw_30000	0.000	1.181	/m/04qvtq
phWVfoFL5yw_30000	3.168	10.000	/m/04qvtq
HBW2mqqOhT0_10000	4.236	10.000	/m/03j1ly
m1Xn9aqW1z8_580000	0.030	10.000	/m/012n7d
u--KhUW8l1Y_0	2.724	7.827	/m/012ndj
u--KhUW8l1Y_0	8.394	9.622	/m/012ndj
lcPncrCG4HE_30000	6.220	10.000	/m/012ndj
7OHaAtO_x_8_30000	0.000	10.000	/m/012ndj
V7IM5ELcf-c_30000	9.101	10.000	/m/012ndj
INumArYA05Q_90000	0.000	10.000	/m/04qvtq
aCXtGRnsLEI_21000	0.000	9.053	/m/03j1ly
FPYr6ehHm08_22000	6.656	9.672	/m/012ndj
AS5TajMQHWk_0	6.539	7.630	/m/04qvtq
JYXGX1E4B2o_10000	0.000	10.000	/m/03j1ly
IsgMzf4UNsc_0	0.000	10.000	/m/04qvtq
m0N4JTHAClQ_10000	0.000	10.000	/m/04qvtq
rEk-QQvRr9M_30000	0.000	10.000	/m/04qvtq
Is_9mjLACtI_100000	0.000	10.000	/m/012n7d
hMSiZUibHfA_30000	0.000	10.000	/m/04qvtq
hmh0rL3iNjY_100000	0.000	10.000	/m/012ndj
RQqhMzWrdtY_0	0.185	10.000	/m/012ndj
faidugZ8Lh0_60000	0.000	10.000	/m/012ndj
anNN95GFOic_60000	0.000	7.024	/m/04qvtq
dcx2VMVpo3o_30000	0.000	10.000	/m/012ndj
ob21uvxITMI_0	0.632	8.898	/m/012ndj
KhKlmGOUOB0_0	0.333	10.000	/m/012n7d
g7-irDAyGZA_20000	0.000	9.128	/m/03j1ly
xPdM9NZO2nI_0	0.000	2.527	/m/012n7d
2lG6qE6mVcU_9000	0.000	9.872	/m/04qvtq
-yPSgCn9AWo_30000	0.000	10.000	/m/012n7d
yUX1Xl8DYdU_30000	0.000	4.246	/m/012n7d
yUX1Xl8DYdU_30000	4.714	10.000	/m/012n7d
aCRBVJ78Lm8_24000	0.000	9.672	/m/03j1ly
0ojTL4MmXjQ_1000	0.000	10.000	/m/012ndj
Ap122kei0BI_5000	2.045	9.413	/m/012ndj
ulmCjnYltSc_30000	2.683	10.000	/m/012ndj
fkru1sCkvwo_20000	0.000	10.000	/m/03j1ly
0I6Mlp27_gM_30000	0.000	10.000	/m/012ndj
-uD_w-t4T2Q_230000	0.000	10.000	/m/012n7d
-uD_w-t4T2Q_230000	0.000	10.000	/m/03j1ly
6YORfRIpRr4_0	0.650	4.498	/m/04qvtq
6YORfRIpRr4_0	5.433	7.364	/m/04qvtq
